sentence,condition,file,pace_sylps,pace_err_sylps,pause_count,pause_median_ms,pause_wdist,speech_density_pct,duration_s,aksharas
1,A_vanilla,results/s01_A_vanilla.wav,5.38,1.267,16,130.0,39.0,46.8,9.29,50
1,B_flatrate,results/s01_B_flatrate.wav,6.79,0.136,12,120.0,49.0,48.2,7.37,50
1,C_profile,results/s01_C_profile.wav,3.47,3.179,20,140.0,29.0,25.1,14.41,50
2,A_vanilla,results/s02_A_vanilla.wav,5.55,1.103,16,120.0,49.0,48.0,7.39,41
2,B_flatrate,results/s02_B_flatrate.wav,6.97,0.323,9,140.0,29.0,47.6,5.88,41
2,C_profile,results/s02_C_profile.wav,3.85,2.795,13,180.0,11.0,30.6,10.64,41
3,A_vanilla,results/s03_A_vanilla.wav,5.89,0.758,9,120.0,49.0,55.6,7.13,42
3,B_flatrate,results/s03_B_flatrate.wav,7.42,0.765,6,150.0,19.0,55.8,5.66,42
3,C_profile,results/s03_C_profile.wav,4.03,2.619,10,600.0,431.0,33.7,10.42,42
